"Sector","Grupo","Sendero","Distancia (m)","Parcela","Árbol","Especie","DAP (cm)","HT (m)","HC (m)","LD"," AB (m2)"
"I","1","2","150","1","1","Encino","5.1"," 4.91","1.79","0","0.002042821"
"I","1","2","150","1","2","Encino","9.4"," 7.77","3.07","0","0.006939778"
"I","1","2","150","1","3","Roble","25.6"," 11.91","6.79","1","0.051471854"
"I","1","2","150","1","4","Nance","6.7"," 7.58","0","0","0.003525652"
"I","1","2","150","1","5","Roble","23.3"," 11.94","6.06","0","0.042638481"
"I","1","2","170","3","1","Encino","10.3"," 8.80","3.99","0","0.008332289"
"I","1","2","170","3","2","Encino","5.6"," 3.99","1.92","0","0.002463009"
"I","1","2","170","3","3","Encino","6.6"," 6.03","0.9","0","0.003421194"
"I","1","2","170","3","4","Encino","5.7"," 3.20","1.85","0","0.002551759"
"I","1","2","170","3","5"," Encino","6.7"," 6.09","2.77","0","0.003525652"
"I","1","2","170","3","6","Roble","15.8","8.99","2.16","1","0.01960668"
"I","1","2","190","5","1","Encino","35","10.51","5.82","1","0.096211275"
"I","1","2","190","5","2","Encino","27.4","11.39","2.65","0","0.058964553"
"I","1","2","190","5","3","Nance","8.4"," 3.47","0","0","0.005541769"
"I","1","2","190","5","4","Nance","7.7"," 5.42","0","0","0.004656626"
"I","1","2","160","2","1","Encino","36","8.91","3.12","1","0.101787602"
"I","1","2","160","2","2","Carbón","5.7","3.32","0","0","0.002551759"
"I","1","2","160","2","3","Encino","9.3","6.98","2.99","0","0.006792909"
"I","1","2","180","4","1","Roble","8.1","5.51","1.88","0","0.005152997"
"I","1","2","180","4","2"," Roble","8","3.37","1","0","0.005026548"
"I","1","2","180","4","3","Roble","37","12.85","5","1","0.107521009"
"I","1","2","180","4","4","Roble","21.3","11.97","5.48","0","0.035632729"
"I","1","2","180","4","5","Encino","27.5","8.43","1.95","0","0.059395736"
"I","1","2","180","4","6","Encino","22","8.07","3.09","0","0.038013271"
"I","1","2","180","4","7","Roble","5.6","2.61","2.27","0","0.002463009"
"I","1","2","180","4","8","Encino","6.5","5.66","4.8","0","0.003318307"
"I","2","5","130","1","1","Encino","35","7.07","1.73","1","0.096211275"
"I","2","5","130","1","2","Encino","7.5","3.71","1","0","0.004417865"
"I","2","5","140","2","1","Encino","9.6","4.72","1.8","0","0.007238229"
"I","2","5","140","2","2","Encino","10.4","4.61","2.88","0","0.008494867"
"I","2","5","140","2","3","Encino","30.2","4.13","1.9","0","0.071631454"
"I","2","5","140","2","4","Encino","14.2","5.97","2.46","0","0.015836769"
"I","2","5","140","2","5","Encino","10.7","4.93","2.46","0","0.008992024"
"I","2","5","150","3","1","Encino","14","4.13","4.11","0","0.015393804"
"I","2","5","150","3","2","Encino","12.5","6.26","1.9","0","0.012271846"
"I","2","5","150","3","3","Encino","9.7","5.94","1","0","0.007389811"
"I","2","5","150","3","4","Encino","12.5","8.07","1","0","0.012271846"
"I","2","5","150","3","5","Encino","14","9.33","2.53","0","0.015393804"
"I","2","5","150","3","6","Encino","11.1","9.7","4.06","0","0.009676891"
"I","2","5","150","3","7","Encino","16.4","7.94","1","0","0.021124069"
"I","2","5","150","3","8","Encino","20","9.75","1.82","0","0.031415927"
"I","2","5","160","4","1","Encino","13","4.9","3.17","0","0.013273229"
"I","2","5","160","4","2","Encino","19.8","10.51","6.02","1","0.03079075"
"I","2","5","160","4","3","Encino","18.7","7.98","4.08","0","0.027464588"
"I","2","5","160","4","4","Encino","17.4","8.29","3.69","0","0.023778715"
"I","2","5","160","4","5","Encino","6.3","5.21","2.85","0","0.003117245"
"I","2","5","160","4","6","Encino","17","10.42","3.79","0","0.022698007"
"I","2","5","160","4","7","Encino","15","9.9","5.77","0","0.017671459"
"I","2","5","160","4","8","Encino","13.5","6.12","2.16","0","0.014313882"
"I","2","5","170","5","1","Encino","23","9.46","1.8","0","0.041547563"
"I","2","5","170","5","2","Encino","14","5.85","2","0","0.015393804"
"I","2","5","170","5","3","Encino","16","8.12","1.8","0","0.020106193"
"I","2","5","170","5","4","Encino","22","7.84","3.01","0","0.038013271"
"I","2","5","170","5","5","Indio Desnudo  ","10","5.79","","0","0.007853982"
"II","3","9","110","2","1","Laurel","5.6","6.63","","0","0.002463009"
"II","3","9","110","2","2","Laurel","8.1","7.65","","0","0.005152997"
"II","3","9","110","2","3","Encino","21","6.65","3.12","1","0.034636059"
"II","3","9","110","2","4","Laurel","7","10.03","","0","0.003848451"
"II","3","9","110","2","5","Laurel","6","5.18","","0","0.002827433"
"II","3","9","110","2","6","Encino","16.2","4.19","4.08","0","0.020611989"
"II","3","9","110","2","7","Pichota","5","6.6294","","0","0.001963495"
"II","3","9","100","1","1","Laurel","6.4","9.0424","","0","0.003216991"
"II","3","9","100","1","2","Encino","19.9","7.5184","2.08","0","0.031102553"
"II","3","9","100","1","3","Pichota","5.3","5.8166","","0","0.002206183"
"II","3","9","100","1","4","Mozotillo","5.2","5.1308","","0","0.002123717"
"II","3","9","100","1","5","Laurel","5.3","8.1026","","0","0.002206183"
"II","3","9","100","1","6","Pichota","5.2","6.3246","","0","0.002123717"
"II","3","9","120","3","1","Encino","15.5","7.6454","2.64","0","0.018869191"
"II","3","9","120","3","2","Encino","38.6","6.6548","5.13","0","0.117021185"
"II","3","9","120","3","3","Encino","8.3","10.033","3.35","0","0.005410608"
"II","3","9","120","3","4","Encino","6.4","7.05","5.1816","0","0.003216991"
"II","3","9","120","3","5","Encino","11.9","4.0894","1.7","0","0.011122023"
"II","3","9","120","3","6","Encino","10.9","6.62","5.96","0","0.009331316"
"II","3","9","120","3","7","Encino","14.7","9.0424","3.91","0","0.016971669"
"II","3","9","120","3","8","Encino","17.1","7.5184","3.55","0","0.022965828"
"II","3","9","120","3","9","Encino","12","5.8166","3.7","0","0.011309734"
"II","3","9","120","3","10","Encino","6.2","5.1308","3.09","0","0.003019071"
"II","3","9","120","3","11","Encino","7.8","8.1026","5.46","0","0.004778362"
"II","3","9","120","3","12","Encino","8.6","6.3246","3.4","0","0.005808805"
"II","3","9","120","3","13","Encino","13.5","9.8552","4.95","1","0.014313882"
"II","3","9","120","3","14","Encino","7.6","8.4074","3.78","0","0.00453646"
"II","3","9","120","3","15","Encino","15","9.271","2.18","0","0.017671459"
"II","3","9","120","3","16","Encino","14.2","10.7188","3.2","0","0.015836769"
"II","3","9","120","3","17","Encino","6.7","4.1402","2.51","0","0.003525652"
"II","3","9","120","3","18","Encino","14.7","9.7282","2.61","0","0.016971669"
"II","3","9","120","3","19","Agrito","6.1","6.6294","","0","0.002922467"
"II","3","9","120","3","20","Encino","7.4","7.6454","2.99","0","0.00430084"
"II","3","9","130","4","1","Encino","14.8","8.33","4","1","0.017203361"
"II","3","9","130","4","2","Encino","17.7","9.24","4","0","0.024605739"
"II","3","9","130","4","3","Encino","14","8.07","1.9","0","0.015393804"
"II","3","9","130","4","4","Encino","6.5","6.4008","","0","0.003318307"
"II","3","9","130","4","5","Encino","24.7","10.1346","6","0","0.047916357"
"II","3","9","130","4","6","Molinillo","14.16","9.9822","","0","0.015747673"
"II","3","9","130","4","7","Molinillo","16.5","9.88","","0","0.021382465"
"II","3","9","130","4","8","Molinillo","15.8","9.88","","0","0.01960668"
"II","3","9","140","5","1","Encino","22","10.6172","4.11","0","0.038013271"
"II","3","9","140","5","2","Encino","9","6.7564","2.97","0","0.006361725"
"II","3","9","140","5","3","Encino","18","10.668","5.56","0","0.0254469"
"II","3","9","140","5","4","Molinillo","9.7","9.7028","","0","0.007389811"
"II","3","9","140","5","5","Molinillo","11.2","6.35","","0","0.009852035"
"II","3","9","140","5","6","Encino","11.4","10.3124","4.87","0","0.010207035"
"II","3","9","140","5","7","Encino","10.2","10.3124","3.6","0","0.008171282"
"II","3","9","140","5","8","Encino","11.4","10.3124","3.3","0","0.010207035"
"II","3","9","140","5","9","Encino","9.9","8.0518","4.45","0","0.007697687"
"II","3","9","140","5","10","Encino","9.9","8.0518","1.82","0","0.007697687"
"II","3","9","140","5","11","Encino","7.1","4.9022","1.82","0","0.003959192"
"II","3","9","140","5","12","Encino","10.6","8.9154","3.75","0","0.008824734"
"II","3","9","140","5","13","Encino","5.9","6.8834","3.7","0","0.002733971"
"II","3","9","140","5","14","Encino","10.5","9.4488","3.32","0","0.008659015"
"II","3","9","140","5","15","Encino","7.8","6.9342","5.28","0","0.004778362"
"II","3","9","140","5","16","Encino","7.1","6.9342","3.86","0","0.003959192"
"II","3","9","140","5","17","Encino","6.9","6.9342","3.25","0","0.003739281"
"II","4","13","10","1","1","Encino","6.2","5.46","2.25","0","0.003019071"
"II","4","13","10","1","2","Encino","12.8","10.86","3.85","0","0.012867964"
"II","4","13","10","1","3","Encino","5.1","3.12","2.51","0","0.002042821"
"II","4","13","10","1","4","Encino","13.5","10.71","5.35","0","0.014313882"
"II","4","13","10","1","5","Encino","10.1","6.04","3.52","0","0.008011847"
"II","4","13","10","1","6","Encino","5.5","6.76","2.56","0","0.002375829"
"II","4","13","10","1","7","Encino","13.5","7.49","4.59","0","0.014313882"
"II","4","13","10","1","8","Encino","10.7","9.21","6.93","0","0.008992024"
"II","4","13","10","1","9","Encino","9.4","8.5","4.13","0","0.006939778"
"II","4","13","10","1","10","Encino","5.2","5.35","3.78","0","0.002123717"
"II","4","13","10","1","11","Roble","15.4","11.93","8.53","1","0.018626503"
"II","4","13","10","1","12","Encino","7.5","3.73","1.87","0","0.004417865"
"II","4","13","10","1","13","Roble","19","11.32","5.23","0","0.028352874"
"II","4","13","10","1","14","Roble","16.6","11.32","7.67","0","0.021642432"
"II","4","13","10","1","15","Roble","6","6.19","2.76","0","0.002827433"
"II","4","13","10","1","16","Roble","18.2","10.79","4.08","0","0.026015529"
"II","4","13","10","1","17","Roble","14.1","8.22","4.54","0","0.015614501"
"II","4","13","20","2","1","Roble","6.4","6.45","4.22","0","0.003216991"
"II","4","13","20","2","2","Roble","14.7","11.19","5.12","0","0.016971669"
"II","4","13","20","2","3","Roble","5.7","7.94","6.02","0","0.002551759"
"II","4","13","20","2","4","Roble","14.2","10.69","5.51","0","0.015836769"
"II","4","13","20","2","5","Roble","12.1","12.19","7.21","1","0.011499015"
"II","4","13","20","2","6","Roble","12","11.14","4.82","0","0.011309734"
"II","4","13","20","2","7","Roble","26.9","12.01","4.21","0","0.056832197"
"II","4","13","20","2","8","Roble","6.4","9.01","2.53","0","0.003216991"
"II","4","13","20","2","9","Roble","10.4","10.48","7.31","0","0.008494867"
"II","4","13","20","2","10","Roble","6.8","9.08","4.39","0","0.003631681"
"II","4","13","20","2","11","Roble","5.6","8.02","3.73","0","0.002463009"
"II","4","13","20","2","12","Roble","5.1","3.24","2.77","0","0.002042821"
"II","4","13","20","2","13","Roble","12.8","11.22","5.76","0","0.012867964"
"II","4","13","20","2","14","Roble","11.2","9.34","1","0","0.009852035"
"II","4","13","20","2","15","Roble","11.2","10.23","5.99","0","0.009852035"
"II","4","13","20","2","16","Roble","12.4","10.66","6.93","0","0.012076282"
"II","4","13","20","2","17","Roble","8.6","10.74","5.58","0","0.005808805"
"II","4","13","20","2","18","Roble","11.6","10.76","7.67","0","0.010568318"
"II","4","13","30","3","1","Roble","6","9.49","4.21","0","0.002827433"
"II","4","13","30","3","2","Roble","10.2","10.28","7.49","0","0.008171282"
"II","4","13","30","3","3","Roble","6.9","6.75","2.48","0","0.003739281"
"II","4","13","30","3","4","Roble","19.8","13.56","2.86","0","0.03079075"
"II","4","13","30","3","5","Roble","5.4","12.29","8.87","0","0.002290221"
"II","4","13","30","3","6","Roble","20","10.6172","3.93","1","0.031415927"
"II","4","13","30","3","7","Roble","5.5","8.1026","3.81","0","0.002375829"
"II","4","13","30","3","8","Roble","7.4","9.779","5.05","0","0.00430084"
"II","4","13","30","3","9","Roble","10.4","7.3914","4.97","0","0.008494867"
"II","4","13","40","4","1","Roble","20.9","10.7442","1.82","0","0.034306977"
"II","4","13","40","4","2","Roble","25.5","13.6398","5.99","0","0.051070516"
"II","4","13","40","4","3","Roble","5.4","9.1694","5.33","0","0.002290221"
"II","4","13","40","4","4","Roble","6.8","10.7696","6.09","0","0.003631681"
"II","4","13","40","4","5","Roble","11.6","9.49","2.92","0","0.010568318"
"II","4","13","40","4","6","Roble","11.8","11.811","6.57","1","0.010935884"
"II","4","13","40","4","7","Roble","10.4","10.668","7.18","0","0.008494867"
"II","4","13","40","4","8","Roble","6.3","8.3058","2.81","0","0.003117245"
"II","4","13","40","4","9","Roble","13.8","11.9888","7.54","0","0.014957123"
"II","4","13","40","4","10","Roble","5.6","3.9624","2.56","0","0.002463009"
"II","4","13","40","4","11","Roble","8.6","8.0518","6.5","0","0.005808805"
"II","4","13","40","4","12","Roble","14.6","6.7564","3.22","0","0.016741547"
"II","4","13","40","4","13","Cachito","20","9.4234","","0","0.031415927"
"II","4","13","50","5","1","Roble","8.6","7.9502","3.68","0","0.005808805"
"II","4","13","50","5","2","Roble","10.1","6.4008","2.54","0","0.008011847"
"II","4","13","50","5","3","Roble","42.8","10.79","4.11","0","0.143872377"
"II","4","13","50","5","4","Roble","26.3","10.05","1.8","0","0.054325206"
"II","4","13","50","5","5","Roble","6.5","7.49","2.15","0","0.003318307"
"II","4","13","50","5","6","Roble","7.5","12.25","6.98","0","0.004417865"
"II","4","13","50","5","7","Roble","39.3","13.89","4.51","0","0.121303961"
"II","5","15","400","1","1","Pichota","8.4","5.22","","0","0.005541769"
"II","5","15","400","1","2","Carbón","11","6.92","","0","0.009503318"
"II","5","15","400","1","3","Carbón","8.5","5.06","","0","0.005674502"
"II","5","15","400","1","4","Mozotillo","6.1","4.29","","0","0.002922467"
"II","5","15","400","1","5","Carbón","8.5","4.61","","0","0.005674502"
"II","5","15","400","1","6","Pichota","11.8","4.14","","0","0.010935884"
"II","5","15","400","1","7","Carbón","5.9","4.26","","0","0.002733971"
"II","5","15","400","1","8","Carbón","7.5","4.23","","0","0.004417865"
"II","5","15","400","1","9","Carbón","10.1","3.56","","0","0.008011847"
"II","5","15","400","1","10","Mozotillo","10","7.24","","0","0.007853982"
"II","5","15","410","2","1","Mozotillo","11.4","6","","0","0.010207035"
"II","5","15","410","2","2","Mozotillo","9","8.1","","0","0.006361725"
"II","5","15","410","2","3","Mozotillo","6.1","3.08","","0","0.002922467"
"II","5","15","410","2","4","Quiebra muelas","11.2","8.93","","0","0.009852035"
"II","5","15","410","2","5","Pichota","10","8.1","","0","0.007853982"
"II","5","15","410","2","6","Mozotillo","8.5","7.07","","0","0.005674502"
"II","5","15","410","2","7","Mozotillo","8","7.68","","0","0.005026548"
"II","5","15","410","2","8","Encino","40.1","12.19","5.39","1","0.12629281"
"II","5","15","410","2","9","Mozotillo","9","7.3","","0","0.006361725"
"II","5","15","420","3","1","Mozotillo","8.8","6.09","","0","0.006082123"
"II","5","15","420","3","2","Encino","26","11.28","5.38","1","0.053092916"
"II","5","15","420","3","3","Encino","11.9","8.7","6.13","0","0.011122023"
"II","5","15","420","3","4","Palo golpe","8.7","5.06","","0","0.005944679"
"II","5","15","420","3","5","Encino","20","12.2","4.64","0","0.031415927"
"II","5","15","420","3","6","Encino","11","7.06","5.2","0","0.009503318"
"II","5","15","420","3","7","Encino","22.3","10.59","6.7","0","0.039057065"
"II","5","15","420","3","8","Encino","32.6","8.61","2.89","0","0.083468975"
"II","5","15","430","4","1","Encino","25","12.093","2.74","1","0.049087385"
"II","5","15","430","4","2","Nance","6.9","3.59","","0","0.003739281"
"II","5","15","430","4","3","Encino","16.9","9.69","4.26","0","0.022431757"
"II","5","15","430","4","4","Encino","19.4","10.89","6.42","0","0.029559245"
"II","5","15","440","5","1","Encino","14","7","3.5","0","0.015393804"
"II","5","15","440","5","2","Encino","18.9","9.93","5.23","0","0.028055208"
"II","5","15","440","5","3","Guayabilla","6.3","8.7","","0","0.003117245"
"II","5","15","440","5","4","Molinillo","5.9","6.6","","0","0.002733971"
"II","5","15","440","5","5","Encino","29.7","7.5","1.82","1","0.069279187"
"II","5","15","440","5","6","Encino","13","6.6","5.48","0","0.013273229"
"II","5","15","440","5","7","Encino","8.8","5.53","3.68","0","0.006082123"
"II","6","17","40","1","1","Pichota","9.5","7.4","","0","0.007088218"
"II","6","17","40","1","2","Encino","17.5","6.8","2.5","0","0.024052819"
"II","6","17","40","1","3","Encino","13.9","4","1.2","0","0.015174678"
"II","6","17","40","1","4","Encino","25.4","8.7","4.9","0","0.050670748"
"II","6","17","40","1","5","Encino","14.6","4.4","1.8","0","0.016741547"
"II","6","17","40","1","6","Quiebra muelas","8.5","4.8","","0","0.005674502"
"II","6","17","40","1","7","Quiebra muelas","5.3","4.1","","0","0.002206183"
"II","6","17","40","1","8","Macuelizo","8.8","5.9","","0","0.006082123"
"II","6","17","40","1","9","Macuelizo","6.8","3.1","","0","0.003631681"
"II","6","17","40","1","10","Encino","9.5","3.4","2.3","0","0.007088218"
"II","6","17","40","1","11","Quiebra muelas","5.5","5","","0","0.002375829"
"II","6","17","40","1","12","Mozotillo","5.5","4.1","","0","0.002375829"
"II","6","17","50","2","1","Mozotillo","5.5","4.9","","0","0.002375829"
"II","6","17","50","2","2","Encino","23.3","6.7","2.1","0","0.042638481"
"II","6","17","50","2","3","Encino","12.7","6.8","3.8","0","0.012667687"
"II","6","17","50","2","4","Mozotillo","6.3","5.2","","0","0.003117245"
"II","6","17","50","2","5","Pichota","8","5.8","","0","0.005026548"
"II","6","17","50","2","6","Encino","18.4","8.9","2.8","0","0.02659044"
"II","6","17","50","2","7","Encino","20.3","6.5","2.8","0","0.032365473"
"II","6","17","50","2","8","Encino","15.5","4.2","3.8","0","0.018869191"
"II","6","17","50","2","9","Encino","11.5","6.9","4.9","0","0.010386891"
"II","6","17","50","2","10","Mozotillo","8","4.57","","0","0.005026548"
"II","6","17","50","2","11","Cachito","6.8","4.9","","0","0.003631681"
"II","6","17","50","2","12","Cachito","9.8","7.01","","0","0.007542964"
"II","6","17","60","3","1","Encino","27.5","9.51","2.95","0","0.059395736"
"II","6","17","60","3","2","Mozotillo","5.1","4.78","","0","0.002042821"
"II","6","17","60","3","3","Encino","14.8","4.48","2.27","0","0.017203361"
"II","6","17","60","3","4","Encino","7.2","4.87","3.38","0","0.004071504"
"II","6","17","60","3","5","Encino","18.4","9.48","3.33","0","0.02659044"
"II","6","17","60","3","6","Encino","23","6.92","4.91","1","0.041547563"
"II","6","17","60","3","7","Encino","16.1","5.33","3.26","0","0.020358306"
"II","6","17","60","3","8","Encino","7.8","5.1","2.95","0","0.004778362"
"II","6","17","60","3","9","Encino","13.5","7.34","2.71","0","0.014313882"
"II","6","17","60","3","10","Mozotillo","5.4","3.99","","0","0.002290221"
"II","6","17","60","3","11","Mozotillo","6.8","4.51","","0","0.003631681"
"II","6","17","60","3","12","Mozotillo","5.5","4.57","","0","0.002375829"
"II","6","17","70","4","1","Encino","20","9.66","4.19","0","0.031415927"
"II","6","17","70","4","2","Encino","18","9.45","1.9","0","0.0254469"
"II","6","17","70","4","3","Encino","19.5","9.75","2.72","0","0.029864765"
"II","6","17","70","4","4","Molinillo","7.3","4.91","","0","0.004185387"
"II","6","17","70","4","5","Encino","20.8","10.7","5.8","0","0.033979466"
"II","6","17","70","4","6","Molinillo","8","5.8","","0","0.005026548"
"II","6","17","70","4","7","Encino","35.3","10.8","3.1","1","0.09786768"
"II","6","17","70","4","8","Encino","21.5","10.4","4.7","0","0.03630503"
"II","6","17","80","5","1","Encino","10.7","5.3","1.8","0","0.008992024"
"II","6","17","80","5","2","Encino","26.2","8.2","4.3","1","0.053912872"
"II","6","17","80","5","3","Encino","24.2","6.4","1.8","0","0.045996058"
"II","6","17","80","5","4","Encino","8.3","5.7","2","0","0.005410608"
"II","6","17","80","5","5","Encino","42","8.1","1.8","0","0.138544236"
"II","6","17","80","5","6","Encino","9.5","6.7","3.4","0","0.007088218"
"II","7","18","10","1","1","Encino","29","10.29","4.6482","1","0.066051986"
"II","7","18","10","1","2","Encino","41","10.128","1.5","0","0.132025431"
"II","7","18","20","2","1","Cachito","5","3.81","","0","0.001963495"
"II","7","18","20","2","2","Cachito","10.4","8.1026","","0","0.008494867"
"II","7","18","20","2","3","Indio Desnudo  ","5.5","5.1816","","0","0.002375829"
"II","7","18","20","2","4","Encino","11.9","9.9822","2.2098","0","0.011122023"
"II","7","18","20","2","5","Encino","10.9","9.398","6.6294","0","0.009331316"
"II","7","18","20","2","6","Encino","33.3","8.5598","1.8288","0","0.087092017"
"II","7","18","20","2","7","Molinillo","8.2","7.0612","","0","0.005281017"
"II","7","18","30","3","1","Encino","33","9.1948","8.2051","0","0.08552986"
"II","7","18","30","3","2","Molinillo","8","8.7757","","0","0.005026548"
"II","7","18","30","3","3","Encino","24","9.144","2.3114","0","0.045238934"
"II","7","18","30","3","4","Encino","12","7.9248","6.7056","1","0.011309734"
"II","7","18","30","3","5","Molinillo","8","7.0104","","0","0.005026548"
"II","7","18","30","3","6","Molinillo","9","7.0104","","0","0.006361725"
"II","7","18","40","4","1","Encino","19","10.0584","6.7056","0","0.028352874"
"II","7","18","40","4","2","Ceiba","15","7.9248","","0","0.017671459"
"II","7","18","40","4","3","Encino","10","9.144","10.1854","0","0.007853982"
"II","7","18","40","4","4","Mozotillo","6","4.2672","","0","0.002827433"
"II","7","18","40","4","5","Encino","24","9.7536","9.2964","1","0.045238934"
"II","7","18","40","4","6","Encino","28","2.0066","1.3","0","0.061575216"
"II","7","18","40","4","7","Molinillo","6","4.8768","","0","0.002827433"
"II","7","18","40","4","8","Quiebra muelas","6","4.5466","","0","0.002827433"
"II","7","18","50","5","1","Encino","36","12.1","1.93","0","0.101787602"
"II","7","18","50","5","2","Pichota","5","4.05","","0","0.001963495"
"II","7","18","50","5","3","Encino","41.5","12.66","4.11","0","0.135265199"
"II","7","18","50","5","4","Encino","10.6","6.82","2.4","0","0.008824734"
"II","7","18","50","5","5","Encino","5.1","6.74","","0","0.002042821"
"II","7","18","50","5","6","Encino","24.1","12.92","3.89","0","0.045616711"
"III","8","20","450","1","1","Encino","13","7.73","1.5","0","0.013273229"
"III","8","20","450","1","2","Pichota","6","6.03","","0","0.002827433"
"III","8","20","450","1","3","Encino","17.5","8.76","1.9","0","0.024052819"
"III","8","20","450","1","4","Encino","9.5","8.51","3","1","0.007088218"
"III","8","20","450","1","5","Encino","17.7","9.41","1.8","0","0.024605739"
"III","8","20","450","1","6","Encino","7.5","8.74","2.59","0","0.004417865"
"III","8","20","450","1","7","Encino","16","9.37","1.8","0","0.020106193"
"III","8","20","450","1","8","Encino","6","5.59","3.94","0","0.002827433"
"III","8","20","450","1","9","Encino","19","9.25","1.8","0","0.028352874"
"III","8","20","450","1","10","Encino","12","9.25","2.59","0","0.011309734"
"III","8","20","450","1","11","Encino","7.4","6.68","3","0","0.00430084"
"III","8","20","450","1","12","Encino","9","4.95","2.01","0","0.006361725"
"III","8","20","460","2","1","Encino","11.4","7.92","1.7","0","0.010207035"
"III","8","20","460","2","2","Encino","8","8.53","1.1","0","0.005026548"
"III","8","20","460","2","3","Encino","5.5","3.58","1.1","0","0.002375829"
"III","8","20","460","2","4","Encino","11","7.24","1.7","0","0.009503318"
"III","8","20","460","2","5","Encino","12","7.24","2.08","0","0.011309734"
"III","8","20","460","2","6","Encino","6.1","6.48","1.53","0","0.002922467"
"III","8","20","460","2","7","Encino","6","6.48","1.91","0","0.002827433"
"III","8","20","460","2","8","Pichota","6.2","4.52","","0","0.003019071"
"III","8","20","460","2","9","Pichota","5","3","","0","0.001963495"
"III","8","20","460","2","10","Cachito","6","5.44","","0","0.002827433"
"III","8","20","460","2","11","Cachito","6","6.78","","0","0.002827433"
"III","8","20","460","2","12","Encino","15.2","8.18","1.8","0","0.018145839"
"III","8","20","460","2","13","Encino","10.1","8.13","1.1","0","0.008011847"
"III","8","20","460","2","14","Encino","11","6.81","1.4","0","0.009503318"
"III","8","20","460","2","15","Encino","10.1","7.14","3.45","0","0.008011847"
"III","8","20","460","2","16","Encino","19","8.53","4.85","1","0.028352874"
"III","8","20","460","2","17","Encino","8.9","6.81","4.32","0","0.006221139"
"III","8","20","460","2","18","Encino","12.5","8","2.57","0","0.012271846"
"III","8","20","470","3","1","Encino","10","5.44","1.9","0","0.007853982"
"III","8","20","470","3","2","Cachito","6.5","5.36","","0","0.003318307"
"III","8","20","470","3","3","Encino","10.2","7.7","3.43","0","0.008171282"
"III","8","20","470","3","4","Encino","8.5","6.68","3","1","0.005674502"
"III","8","20","470","3","5","Encino","5.4","5.46","2.11","0","0.002290221"
"III","8","20","470","3","6","Encino","10.2","7.25","1.4","0","0.008171282"
"III","8","20","470","3","7","Encino","12","7.75","3","0","0.011309734"
"III","8","20","470","3","8","Encino","12.8","7.75","2.4","0","0.012867964"
"III","8","20","470","3","9","Encino","7","6.37","4.76","0","0.003848451"
"III","8","20","470","3","10","Encino","12.5","7.99","2.83","0","0.012271846"
"III","8","20","470","3","11","Encino","9.5","7.99","2.08","0","0.007088218"
"III","8","20","470","3","12","Encino","8","6.5","2.04","0","0.005026548"
"III","8","20","470","3","13","Encino","13.3","6.5","1.04","0","0.013892908"
"III","8","20","470","3","14","Encino","13","7.29","1.8","0","0.013273229"
"III","8","20","470","3","15","Encino","9.3","6.12","1","0","0.006792909"
"III","8","20","470","3","16","Encino","11","6.38","1.1","0","0.009503318"
"III","8","20","480","4","1","Encino","6.5","10.75","1.5","0","0.003318307"
"III","8","20","480","4","2","Encino","7","10.75","1.5","0","0.003848451"
"III","8","20","480","4","3","Encino","5.3","10.4","1.5","0","0.002206183"
"III","8","20","480","4","4","Roble","12","11.5","5.5","1","0.011309734"
"III","8","20","480","4","5","Encino","6","8.29","1.5","0","0.002827433"
"III","8","20","480","4","6","Encino","6.1","8.7","1.4","0","0.002922467"
"III","8","20","480","4","7","Encino","8.5","8.75","1","0","0.005674502"
"III","8","20","480","4","8","Encino","6.7","11","3.5","0","0.003525652"
"III","8","20","480","4","9","Encino","8.2","8.5","1.6","0","0.005281017"
"III","8","20","480","4","10","Encino","19.5","11.6","1.6","0","0.029864765"
"III","8","20","480","4","11","Roble","9.2","7","3.2","0","0.00664761"
"III","8","20","480","4","12","Encino","9.2","10.66","3.5","0","0.00664761"
"III","8","20","480","4","13","Encino","10","10.66","1.92","0","0.007853982"
"III","8","20","490","5","1","Encino","6","7","3.5","0","0.002827433"
"III","8","20","490","5","2","Cachito","7.4","9.3","","0","0.00430084"
"III","8","20","490","5","3","Cachito","6","9.3","","0","0.002827433"
"III","8","20","490","5","4","Encino","8","7.29","1.5","0","0.005026548"
"III","8","20","490","5","5","Encino","8.5","12.5","1.8","0","0.005674502"
"III","8","20","490","5","6","Encino","7","12.5","6","0","0.003848451"
"III","8","20","490","5","7","Encino","7.7","9.75","3.58","1","0.004656626"
"III","8","20","490","5","8","Encino","8.5","9.13","1.3","0","0.005674502"
"III","8","20","490","5","9","Encino","7","9.2","1.9","0","0.003848451"
"III","8","20","490","5","10","Cachito","5.2","8.42","","0","0.002123717"
"III","8","20","490","5","11","Cachito","19","9.5","7.3","0","0.028352874"
"III","8","20","490","5","12","Encino","11.2","12","10.58","0","0.009852035"
"III","8","20","490","5","13","Encino","21","13.8","3.5","0","0.034636059"
"III","8","20","490","5","14","Cachito","10","7.04","","0","0.007853982"
"III","8","20","490","5","15","Cachito","8","7.04","","0","0.005026548"
"III","8","20","490","5","16","Cachito","6.3","7.04","","0","0.003117245"
"III","8","20","490","5","17","Encino","5.3","9.24","7.98","0","0.002206183"
"III","8","20","490","5","18","Encino","10.5","13.4","1.1","0","0.008659015"
"III","8","20","490","5","19","Encino","5.5","9.08","0.5","0","0.002375829"
"III","8","20","490","5","20","Encino","10.5","13.4","6","1","0.008659015"
"III","9","23","170","1","1","Roble","20","6.3489","2.4028","0","0.031415927"
"III","9","23","170","1","2","Roble","11.9","6.7056","0.5486","0","0.011122023"
"III","9","23","170","1","3","Roble","19","7.3152","0.5486","0","0.028352874"
"III","9","23","170","1","4","Roble","5.4","6.3484","2.6416","0","0.002290221"
"III","9","23","170","1","5","Roble","5.4","4.7487","2.6416","0","0.002290221"
"III","9","23","170","1","6","Roble","6","5.4589","4.572","0","0.002827433"
"III","9","23","170","1","7","Roble","9.7","7.74","4.2925","1","0.007389811"
"III","9","23","180","2","1","Roble","5.2","5.461","2.5908","0","0.002123717"
"III","9","23","180","2","2","Roble","8.7","6.731","0.5181","0","0.005944679"
"III","9","23","180","2","3","Roble","10.5","6.731","0.5486","0","0.008659015"
"III","9","23","180","2","4","Roble","7.5","6.9088","4.8768","0","0.004417865"
"III","9","23","180","2","5","Roble","8.6","6.9088","2.3114","0","0.005808805"
"III","9","23","180","2","6","Roble","7.4","6.9088","2.1336","0","0.00430084"
"III","9","23","180","2","7","Roble","8.5","6.9088","0.3048","0","0.005674502"
"III","9","23","180","2","8","Roble","11","7.8232","4.3434","0","0.009503318"
"III","9","23","180","2","9","Roble","9","7.8232","4.9784","0","0.006361725"
"III","9","23","180","2","10","Roble","5.7","7.1374","4.6609","0","0.002551759"
"III","9","23","180","2","11","Roble","15.2","7.8232","5.715","0","0.018145839"
"III","9","23","180","2","12","Roble","6.6","6.5532","2.286","0","0.003421194"
"III","9","23","180","2","13","Roble","15.7","8.382","0.5486","0","0.019359279"
"III","9","23","180","2","14","Roble","13.2","8.382","5.9436","1","0.013684778"
"III","9","23","180","2","15","Roble","6.5","6.5786","4.445","0","0.003318307"
"III","9","23","180","2","16","Roble","10.3","7.4422","4.2418","0","0.008332289"
"III","9","23","180","2","17","Roble","8.2","1.5","1.5","0","0.005281017"
"III","9","23","180","2","18","Carbón","7.8","5.4356","","0","0.004778362"
"III","9","23","180","2","19","Carbón","6.6","4.9403","","0","0.003421194"
"III","9","23","180","2","20","Roble","6.2","6.5532","2.0828","0","0.003019071"
"III","9","23","180","2","21","Encino","9.7","6.5532","1.905","0","0.007389811"
"III","9","23","180","2","22","Roble","13.2","6.8072","4.8768","0","0.013684778"
"III","9","23","190","3","1","Roble","11","7.874","2.1844","0","0.009503318"
"III","9","23","190","3","2","Roble","13","7.874","3.5052","0","0.013273229"
"III","9","23","190","3","3","Roble","8.6","7.874","5.1816","0","0.005808805"
"III","9","23","190","3","4","Roble","7.1","6.223","4.445","0","0.003959192"
"III","9","23","190","3","5","Roble","6.5","6.223","2.7178","0","0.003318307"
"III","9","23","190","3","6","Roble","10.5","7.5184","4.2164","0","0.008659015"
"III","9","23","190","3","7","Roble","11.4","7.5184","3.1242","0","0.010207035"
"III","9","23","190","3","8","Roble","13","7.5184","4.1","0","0.013273229"
"III","9","23","190","3","9","Roble","7.6","7.5184","6.7564","0","0.00453646"
"III","9","23","190","3","10","Roble","8.6","7.5184","3.683","0","0.005808805"
"III","9","23","190","3","11","Roble","10.4","8.4328","4.3434","0","0.008494867"
"III","9","23","190","3","12","Roble","6.5","7.1374","5.1562","0","0.003318307"
"III","9","23","190","3","13","Roble","9.5","7.1374","4.4958","0","0.007088218"
"III","9","23","190","3","14","Cachito","7.5","4.6228","","0","0.004417865"
"III","9","23","190","3","15","Roble","12.5","8.1026","4.445","0","0.012271846"
"III","9","23","190","3","16","Pichota","10","6.096","","0","0.007853982"
"III","9","23","190","3","17","Roble","12.2","1.5","1.5","0","0.011689866"
"III","9","23","190","3","18","Roble","8.5","8.0772","4.9403","1","0.005674502"
"III","9","23","190","3","19","Roble","12.5","8.0772","3.0734","0","0.012271846"
"III","9","23","190","3","20","Roble","13.7","7.239","3.9116","0","0.014741138"
"III","9","23","190","3","21","Roble","8.3","7.239","4.0894","0","0.005410608"
"III","9","23","190","3","22","Roble","5.6","7.239","3.6322","0","0.002463009"
"III","9","23","190","3","23","Cachito","5.5","4.9022","","0","0.002375829"
"III","9","23","200","4","1","Roble","8.6","7.239","4.1148","0","0.005808805"
"III","9","23","200","4","2","Roble","7.2","7.8232","4.1148","0","0.004071504"
"III","9","23","200","4","3","Roble","8","8.8646","5.9182","0","0.005026548"
"III","9","23","200","4","4","Roble","8.4","6.604","3.0226","0","0.005541769"
"III","9","23","200","4","5","Roble","8.5","7.5692","5.8166","0","0.005674502"
"III","9","23","200","4","6","Roble","9.7","8.9408","5.2324","0","0.007389811"
"III","9","23","200","4","7","Roble","7","7.5692","5.334","0","0.003848451"
"III","9","23","200","4","8","Roble","13.2","8.9154","4.6736","0","0.013684778"
"III","9","23","200","4","9","Roble","6.6","6.5786","2.3114","0","0.003421194"
"III","9","23","200","4","10","Roble","7.4","6.5786","4.6736","0","0.00430084"
"III","9","23","200","4","11","Roble","14","9.0932","4.6228","0","0.015393804"
"III","9","23","200","4","12","Roble","12","9.0932","5.0292","0","0.011309734"
"III","9","23","200","4","13","Roble","9.2","8.1534","1.905","0","0.00664761"
"III","9","23","200","4","14","Roble","7.5","6.7818","2.8194","0","0.004417865"
"III","9","23","200","4","15","Roble","7","8.1534","5.6388","0","0.003848451"
"III","9","23","200","4","16","Roble","14","9.271","2.0828","0","0.015393804"
"III","9","23","200","4","17","Roble","8","3.048","1.5","0","0.005026548"
"III","9","23","200","4","18","Roble","9","9.0424","5.1054","0","0.006361725"
"III","9","23","200","4","19","Roble","14","8.9408","4.0894","1","0.015393804"
"III","9","23","200","4","20","Roble","10.3","8.9408","5.8674","0","0.008332289"
"III","9","23","200","4","21","Roble","7","8.128","5.3848","0","0.003848451"
"III","9","23","200","4","22","Roble","8","7.2644","4.699","0","0.005026548"
"III","9","23","210","5","1","Roble","17","9.4742","5.1816","1","0.022698007"
"III","9","23","210","5","2","Roble","8","7.8232","5.2197","0","0.005026548"
"III","9","23","210","5","3","Roble","7","5.1816","3.048","0","0.003848451"
"III","9","23","210","5","4","Roble","12.1","8.6995","3.8862","0","0.011499015"
"III","9","23","210","5","5","Roble","9.7","7.7724","","0","0.007389811"
"III","9","23","210","5","6","Roble","10.2","8.9535","3.9243","0","0.008171282"
"III","9","23","210","5","7","Roble","8","8.2931","3.7719","0","0.005026548"
"III","9","23","210","5","8","Roble","11","8.1026","1.8288","0","0.009503318"
"III","9","23","210","5","9","Roble","6.2","5.4483","2.3241","0","0.003019071"
"III","9","23","210","5","10","Roble","12","8.3439","3.1369","0","0.011309734"
"III","9","23","210","5","11","Indio Desnudo  ","7","6.5405","","0","0.003848451"
"III","9","23","210","5","12","Roble","7","8.1534","3.1115","0","0.003848451"
"III","9","23","210","5","13","Roble","12","8.1534","2.1717","0","0.011309734"
"III","9","23","210","5","14","Roble","6","8.5344","3.6957","0","0.002827433"
"III","9","23","210","5","15","Roble","6.6","7.4168","2.1717","0","0.003421194"
"III","9","23","210","5","16","Roble","10.8","9.2583","3.2639","0","0.009160884"
"III","9","23","210","5","17","Roble","7.5","9.5631","3.2258","0","0.004417865"
"III","9","23","210","5","18","Roble","9.5","9.5631","5.3467","0","0.007088218"
"III","9","23","210","5","19","Roble","8.5","9.5631","2.6543","0","0.005674502"
"III","9","23","210","5","20","Roble","12.6","10.4013","5.0165","0","0.012468981"
"III","9","23","210","5","21","Roble","5.7","5.5753","1.8288","0","0.002551759"
"III","9","23","210","5","22","Roble","12.5","10.8966","3.0734","1","0.012271846"
"III","9","23","210","5","23","Roble","7","7.9248","3.4925","0","0.003848451"
"III","9","23","210","5","24","Roble","12","9.144","3.0861","0","0.011309734"
"III","9","23","210","5","25","Roble","7.2","8.0391","4.6355","0","0.004071504"
"III","9","23","210","5","26","Roble","9.2","9.0932","2.9845","0","0.00664761"
"III","9","23","210","5","27","Acacia","5.6","5.6134","","0","0.002463009"
"III","9","23","210","5","28","Roble","5.5","4.572","2.4638","0","0.002375829"
"III","10","25","130","1","1","Roble","11.8","9.5377","5.3594","0","0.010935884"
"III","10","25","130","1","2","Roble","8.3","6.1595","2.1971","0","0.005410608"
"III","10","25","130","1","3","Roble","12.4","9.4869","4.8768","0","0.012076282"
"III","10","25","130","1","4","Roble","19.5","12.1793","3.683","0","0.029864765"
"III","10","25","130","1","5","Roble","19.8","11.1506","4.7879","0","0.03079075"
"III","10","25","130","1","6","Roble","25.7","11.4808","5.0546","1","0.051874763"
"III","10","25","130","1","7","Acacia","8.7","7.5311","","0","0.005944679"
"III","10","25","130","1","8","Roble","6.5","3.8354","2.4765","0","0.003318307"
"III","10","25","130","1","9","Acacia","9.4","7.7343","","0","0.006939778"
"III","10","25","130","1","10","Roble","6.9","6.477","4.572","0","0.003739281"
"III","10","25","130","1","11","Roble","6","4.4831","2.9845","0","0.002827433"
"III","10","25","130","1","12","Carbón","6.3","2.8448","","0","0.003117245"
"III","10","25","130","1","13","Roble","5.2","4.2037","2.2225","0","0.002123717"
"III","10","25","140","2","1","Indio Desnudo  ","6.3","5.4229","","0","0.003117245"
"III","10","25","140","2","2","Roble","22","10.8585","2.6813","0","0.038013271"
"III","10","25","140","2","3","Roble","27","12.3571","6.0579","1","0.057255526"
"III","10","25","140","2","4","Indio Desnudo  ","10.5","9.3091","","0","0.008659015"
"III","10","25","140","2","5","Roble","21.9","12.065","5.5499","0","0.037668481"
"III","10","25","140","2","6","Roble","14.7","12.2428","3.9868","0","0.016971669"
"III","10","25","140","2","7","Pichota","14.7","10.6823","","0","0.016971669"
"III","10","25","140","2","8","Indio Desnudo  ","5.6","3.3909","","0","0.002463009"
"III","10","25","150","3","1","Carbon blanco","12","9.5631","","0","0.011309734"
"III","10","25","150","3","2","Roble","29","11.3284","4.7117","0","0.066051986"
"III","10","25","150","3","3","Roble","6.4","5.7023","3.429","0","0.003216991"
"III","10","25","150","3","4","Roble","6.5","7.9756","5.8039","0","0.003318307"
"III","10","25","150","3","5","Roble","9.5","7.8613","3.7592","0","0.007088218"
"III","10","25","150","3","6","Indio Desnudo  ","7.4","6.5405","","0","0.00430084"
"III","10","25","150","3","7","Roble","31.7","12.9286","5.334","1","0.078923876"
"III","10","26","0","4","1","Carbón","19.5","5.9817","","0","0.029864765"
"III","10","26","0","4","2","Carbón","9.2","2.8956","","0","0.00664761"
"III","10","26","0","4","3","Indio Desnudo  ","6.4","5.2451","","0","0.003216991"
"III","10","26","0","4","4","Indio Desnudo  ","6.8","4.7752","","0","0.003631681"
"III","10","26","0","4","5","Roble","9.3","5.5626","2.2733","1","0.006792909"
"III","10","26","0","4","6","Roble","8.3","5.3467","2.7051","0","0.005410608"
"III","10","26","0","4","7","Roble","5.7","5.1816","2.0828","0","0.002551759"
"III","10","26","0","4","8","Roble","7.2","4.9784","3.0099","0","0.004071504"
"III","10","26","0","4","9","Indio Desnudo  ","5.6","4.7879","","0","0.002463009"
"III","10","26","0","4","10","Molinillo","7.3","4.7879","","0","0.004185387"
"III","10","26","10","5","1","Indio Desnudo  ","7","5.8674","","0","0.003848451"
"III","10","26","10","5","2","Indio Desnudo  ","5.4","5.8674","","0","0.002290221"
"III","10","26","10","5","3","Molinillo","11.2","5.4864","","0","0.009852035"
"III","10","26","10","5","4","Encino","7.7","4.4567","","0","0.004656626"
"III","10","26","10","5","5","Encino","9.7","5.8928","","0","0.007389811"
"III","10","26","10","5","6","Molinillo","6","5.4483","","0","0.002827433"
"III","10","26","10","5","7","Encino","7.5","4.0894","1.8288","0","0.004417865"
"III","10","26","10","5","8","Encino","6.3","5.1689","","0","0.003117245"
"III","10","26","10","5","9","Encino","9.5","5.6261","3.048","0","0.007088218"
"III","10","26","10","5","10","Carbón","8","5.2451","","0","0.005026548"
"III","10","26","10","5","11","Carbón","5.3","3.2131","","0","0.002206183"
"III","10","26","10","5","12","Encino","9.5","6.6421","2.1336","1","0.007088218"
"III","10","26","10","5","13","Molinillo","9.5","4.4704","","0","0.007088218"
